AD,Andorra,42.50779,1.52109
AE,United Arab Emirates,23.75,54.5
AF,Afghanistan,33,66
AG,Antigua and Barbuda,17.05,-61.8
AI,Anguilla,18.21667,-63.05
AL,Albania,41,20
AM,Armenia,40.25,45
AO,Angola,-12.5,18.5
AQ,Antarctica,-90,0
AR,Argentina,-34,-64
AS,American Samoa,-11.056,-171.082
AT,Austria,47.33333,13.33333
AU,Australia,-25,135
AW,Aruba,12.5,-69.96667
AX,Åland,60.25,20
AZ,Azerbaijan,40.5,47.5
BA,Bosnia and Herzegovina,44.25,17.83333
BB,Barbados,13.16667,-59.53333
BD,Bangladesh,24,90
BE,Belgium,50.75,4.5
BF,Burkina Faso,12.5,-1.66667
BG,Bulgaria,42.66667,25.25
BH,Bahrain,26.03333,50.55
BI,Burundi,-3.5,30
BJ,Benin,9.5,2.25
BL,Saint Barthélemy,17.9,-62.8257
BM,Bermuda,32.2949,-64.78303
BN,Brunei,4.5,114.66667
BO,Bolivia,-17,-65
BQ,Bonaire,12.21286,-68.29445
BR,Brazil,-10,-55
BS,Bahamas,25.04082,-77.37122
BT,Bhutan,27.5,90.5
BV,Bouvet Island,-54.43333,3.4
BW,Botswana,-22,24
BY,Belarus,53,28
BZ,Belize,17.49952,-88.19756
CA,Canada,60.10867,-113.64258
CC,Cocos [Keeling] Islands,-12.1642,96.87332
CD,Democratic Republic of the Congo,-2.5,23.5
CF,Central African Republic,7,21
CG,Republic of the Congo,-1,15.5
CH,Switzerland,47.00016,8.01427
CI,Ivory Coast,8,-5.5
CK,Cook Islands,-21.24842,-159.78516
CL,Chile,-33.45694,-70.64827
CM,Cameroon,6,12.5
CN,China,35,105
CO,Colombia,4,-73.25
CR,Costa Rica,10,-84
CU,Cuba,22,-79.5
CV,Cape Verde,16,-24
CW,Curacao,12.16667,-68.96667
CX,Christmas Island,-10.5,105.66667
CY,Cyprus,35,33
CZ,Czech Republic,49.75,15
DE,Germany,51.5,10.5
DJ,Djibouti,11.58901,43.14503
DK,Denmark,56,10
DM,Dominica,15.5,-61.33333
DO,Dominican Republic,19,-70.66667
DZ,Algeria,28,3
EC,Ecuador,-1.25,-78.25
EE,Estonia,59,26
EG,Egypt,27,30
EH,Western Sahara,24.49215,-12.65625
ER,Eritrea,15,39
ES,Spain,40,-4
ET,Ethiopia,9,39.5
FI,Finland,64,26
FJ,Fiji,-18,178
FK,Falkland Islands,-51.75,-59.16667
FM,Micronesia,6.924,158.162
FO,Faroe Islands,62,-7
FR,France,46,2
GA,Gabon,-1,11.75
GB,United Kingdom,54.75844,-2.69531
GD,Grenada,12.11667,-61.66667
GE,Georgia,41.99998,43.4999
GF,French Guiana,4,-53
GG,Guernsey,49.45474,-2.57629
GH,Ghana,8.1,-1.2
GI,Gibraltar,36.14474,-5.35257
GL,Greenland,72,-40
GM,Gambia,13.5,-15.5
GN,Guinea,10.83333,-10.66667
GP,Guadeloupe,16.25,-61.58333
GQ,Equatorial Guinea,1.7,10.5
GR,Greece,39,22
GS,South Georgia and the South Sandwich Islands,-56,-33
GT,Guatemala,14.64072,-90.51327
GU,Guam,13.47861,144.81834
GW,Guinea-Bissau,12,-15
GY,Guyana,5,-59
HK,Hong Kong,22.28552,114.15769
HM,Heard Island and McDonald Islands,-53.11711,73.50952
HN,Honduras,15,-86.5
HR,Croatia,45.16667,15.5
HT,Haiti,19,-72.41667
HU,Hungary,47,20
ID,Indonesia,-5,120
IE,Ireland,53,-8
IL,Israel,31.5,34.75
IM,Isle of Man,54.15,-4.48333
IN,India,22,79
IO,British Indian Ocean Territory,-6,72
IQ,Iraq,33,44
IR,Iran,32,53
IS,Iceland,65,-18
IT,Italy,42.83333,12.83333
JE,Jersey,49.21667,-2.11667
JM,Jamaica,18.16667,-77.25
JO,Jordan,31,36
JP,Japan,35.68536,139.75309
KE,Kenya,1,38
KG,Kyrgyzstan,41.5,75
KH,Cambodia,13,105
KI,Kiribati,1.421,172.984
KM,Comoros,-12.23333,44.44553
KN,Saint Kitts and Nevis,17.33333,-62.75
KP,North Korea,40,127
KR,South Korea,36.5,127.75
KW,Kuwait,29.36972,47.97833
KY,Cayman Islands,19.5,-80.66667
KZ,Kazakhstan,48,68
LA,Laos,18,105
LB,Lebanon,33.83333,35.83333
LC,Saint Lucia,13.88333,-60.96667
LI,Liechtenstein,47.16667,9.53333
LK,Sri Lanka,7.75,80.75
LR,Liberia,6.5,-9.5
LS,Lesotho,-29.5,28.25
LT,Lithuania,55.41667,24
LU,Luxembourg,49.61167,6.13
LV,Latvia,57,25
LY,Libya,28,17
MA,Morocco,32,-6
MC,Monaco,43.73333,7.41667
MD,Moldova,47.25,28.58333
ME,Montenegro,42.75,19.25
MF,Saint Martin,18.06667,-63.06667
MG,Madagascar,-20,47
MH,Marshall Islands,7.113,171.236
MK,Macedonia,41.66667,21.75
ML,Mali,18,-2
MM,Myanmar [Burma],21,96
MN,Mongolia,46,105
MO,Macao,22.20056,113.54611
MP,Northern Mariana Islands,15.214,145.756
MQ,Martinique,14.66667,-61
MR,Mauritania,20.25,-10.5
MS,Montserrat,16.75,-62.2
MT,Malta,35.91667,14.43333
MU,Mauritius,-20.3,57.58333
MV,Maldives,3.2,73
MW,Malawi,-13.5,34
MX,Mexico,19.42847,-99.12766
MY,Malaysia,2.5,112.5
MZ,Mozambique,-18.25,35
NA,Namibia,-22,17
NC,New Caledonia,-21.5,165.5
NE,Niger,18,9
NF,Norfolk Island,-29.03333,167.95
NG,Nigeria,10,8
NI,Nicaragua,13,-85
NL,Netherlands,52.25,5.75
NO,Norway,62,10
NP,Nepal,28,84
NR,Nauru,-0.517,166.933
NU,Niue,-19.03333,-169.86667
AU,Australia,-27.83908,143.26172
OM,Oman,21,57
PA,Panama,8.9936,-79.51973
PE,Peru,-10,-75.25
PF,French Polynesia,-15,-140
PG,Papua New Guinea,-6,147
PH,Philippines,13,122
PK,Pakistan,30,70
PL,Poland,52,20
PM,Saint Pierre and Miquelon,46.83333,-56.33333
PN,Pitcairn Islands,-25.06667,-130.1
PR,Puerto Rico,18.46633,-66.10572
PS,Palestine,31.92157,35.20329
PT,Portugal,39.6945,-8.13057
PW,Palau,7.503,134.621
PY,Paraguay,-23.33333,-58
QA,Qatar,25.27932,51.52245
RE,Réunion,-20.88231,55.4504
RO,Romania,46,25
RS,Serbia,44.81892,20.45998
RU,Russia,60,100
RW,Rwanda,-2,30
SA,Saudi Arabia,25,45
SB,Solomon Islands,-8,159
SC,Seychelles,-4.58333,55.66667
SD,Sudan,16,30
SE,Sweden,62,15
SG,Singapore,1.28967,103.85007
SH,Saint Helena,-15.95,-5.7
SI,Slovenia,46.08333,15
SJ,Svalbard and Jan Mayen,78,20
SK,Slovakia,48.66667,19.5
SL,Sierra Leone,8.5,-11.5
SM,San Marino,43.93667,12.44639
SN,Senegal,14.5,-14.25
SO,Somalia,6,48
SR,Suriname,4,-56
SS,South Sudan,7.5,30
ST,São Tomé and Príncipe,1,7
SV,El Salvador,13.83333,-88.91667
SX,Sint Maarten,18.04167,-63.06667
SY,Syria,35,38
SZ,Swaziland,-26.5,31.5
TC,Turks and Caicos Islands,21.73333,-71.58333
TD,Chad,15,19
TF,French Southern Territories,-43,67
TG,Togo,8.66667,1.08333
TH,Thailand,15.5,101
TJ,Tajikistan,39,71
TK,Tokelau,-9.167,-171.83
TL,East Timor,-8.83333,125.75
TM,Turkmenistan,39.75,59.66667
TN,Tunisia,34,9
TO,Tonga,-20,-175
TR,Turkey,39,35
TT,Trinidad and Tobago,11,-61
TV,Tuvalu,-8.51719,179.14478
TW,Taiwan,24,121
TZ,Tanzania,-6,35
UA,Ukraine,49,32
UG,Uganda,1.25,32.5
UM,U.S. Minor Outlying Islands,5.875,-162.057
US,United States,39.76,-98.5
UY,Uruguay,-33,-56
UZ,Uzbekistan,41.66667,63.83333
VA,Vatican City,41.90236,12.45332
VC,Saint Vincent and the Grenadines,13.08333,-61.2
VE,Venezuela,8,-66
VG,British Virgin Islands,18.5,-64.5
VI,U.S. Virgin Islands,18.34829,-64.98348
VN,Vietnam,16.16667,107.83333
VU,Vanuatu,-16,167
WF,Wallis and Futuna,-13.3,-176.2
WS,Samoa,-13.8,-172.13333
XK,Kosovo,42.58333,20.91667
YE,Yemen,15.5,47.5
YT,Mayotte,-12.83333,45.16667
ZA,South Africa,-29,24
ZM,Zambia,-14.33333,28.5
ZW,Zimbabwe,-19,29.75